"species","yearcollected","decimalLongitude","decimalLatitude"
"Gadus morhua",2011,-64.00588,47.5704
"Gadus morhua",2011,-64.0083,47.57179
"Gadus morhua",2011,-64.01038,47.5732
"Gadus morhua",2011,-64.02037,48.00201
"Gadus morhua",2011,-64.037,48.00201
"Gadus morhua",2011,-63.59167,48.02599
"Gadus morhua",2011,-63.59322,48.03074
"Gadus morhua",2011,-63.59421,48.03381
"Gadus morhua",2011,-63.5962,48.03537
"Gadus morhua",2011,-63.5637,48.01783
"Gadus morhua",2010,-64.0101,47.58169
"Gadus morhua",2010,-64.006,47.59435
"Gadus morhua",2010,-64.00203,48.00558
"Gadus morhua",2010,-63.57384,48.03782
"Gadus morhua",2010,-63.57047,48.05876
"Gadus morhua",2010,-64.00466,48.05878
"Gadus morhua",2010,-64.12292,48.0457
"Gadus morhua",2010,-63.57824,47.58152
"Gadus morhua",2010,-63.57784,47.57973
"Gadus morhua",2010,-63.57754,47.57704
"Gadus morhua",2010,-63.55194,47.57731
"Gadus morhua",2010,-63.55072,47.5966
"Gadus morhua",2010,-63.55238,48.01733
"Gadus morhua",2010,-63.58931,48.041
"Gadus morhua",2010,-64.05979,48.03551
"Gadus morhua",2010,-64.03362,47.55097
"Gadus morhua",2010,-64.02087,47.54359
"Gadus morhua",2010,-64.27222,47.56618
"Gadus morhua",2010,-64.118,47.54257
"Gadus morhua",2010,-63.32875,47.9795
"Gadus morhua",2010,-63.76784,47.87317
"Gadus morhua",2012,-64.58875,48.09942
"Gadus morhua",2012,-63.94417,48.0955
"Gadus morhua",2012,-64.6525,47.59025
"Gadus morhua",2014,-60.61534,47.13142
"Gadus morhua",2014,-62.93225,48.47017
"Gadus morhua",2013,-62.48017,46.73275
"Gadus morhua",2011,-62.70117,46.50725
"Gadus morhua",2011,-64.08492,48.51992
"Gadus morhua",2011,-63.27984,46.95117
"Gadus morhua",2011,-63.91417,47.20325
"Gadus morhua",2011,-62.748,46.72325
"Gadus morhua",2011,-61.76409,47.68317
"Gadus morhua",2011,-64.06417,47.30267
"Gadus morhua",2011,-64.02942,48.07575
"Gadus morhua",2011,-60.80767,47.87392
"Gadus morhua",2013,-63.03608,46.531
"Gadus morhua",2013,-64.23034,47.54708
"Gadus morhua",2010,-62.18017,46.16475
"Gadus morhua",2014,-63.646,47.096
"Gadus morhua",2010,-63.75642,48.02875
"Gadus morhua",2014,-64.15534,48.279
"Gadus morhua",2011,-60.75825,47.51158
"Gadus morhua",2013,-61.501,46.20792
"Gadus morhua",2012,-62.08292,48.35633
"Gadus morhua",2014,-63.18558,47.95125
"Gadus morhua",2014,-61.7175,47.65034
"Gadus morhua",2014,-63.78217,48.02242
"Gadus morhua",2010,-60.8265,46.92617
"Gadus morhua",2010,-61.4005,47.93683
"Gadus morhua",2010,-63.719,48.30267
"Gadus morhua",2014,-60.806,47.17459
"Gadus morhua",2014,-60.62034,47.42983
"Gadus morhua",2014,-60.77592,47.53417
"Gadus morhua",2014,-61.30092,47.38425
"Gadus morhua",2010,-63.75892,47.66417
"Gadus morhua",2013,-62.38584,45.94075
"Gadus morhua",2012,-62.34142,46.00467
"Gadus morhua",2012,-63.6225,48.49342
"Gadus morhua",2014,-63.85017,48.601
"Gadus morhua",2010,-63.64883,48.72158
"Gadus morhua",2014,-63.49992,48.29017
"Gadus morhua",2014,-64.40158,47.67934
"Gadus morhua",2014,-63.62459,46.66309
"Gadus morhua",2013,-63.34225,47.64925
"Gadus morhua",2013,-61.30659,46.81109
"Gadus morhua",2011,-64.51334,48.28675
"Gadus morhua",2011,-61.60925,48.14392
"Gadus morhua",2011,-62.54167,47.63509
"Gadus morhua",2013,-62.87525,48.21492
"Gadus morhua",2014,-61.568,47.18617
"Gadus morhua",2014,-62.57809,48.31992
"Gadus morhua",2014,-64.41267,48.28592
"Gadus morhua",2011,-62.44334,45.91417
"Gadus morhua",2013,-62.13442,48.03509
"Gadus morhua",2014,-64.57809,47.36658
"Gadus morhua",2014,-61.636,48.06267
"Gadus morhua",2014,-61.19808,48.04525
"Gadus morhua",2011,-64.94817,47.93234
"Gadus morhua",2010,-61.46267,48.122
"Gadus morhua",2010,-64.319,47.15992
"Gadus morhua",2010,-62.49459,46.60759
"Gadus morhua",2013,-64.11792,48.10334
"Gadus morhua",2013,-60.82292,47.27842
"Gadus morhua",2013,-61.71484,47.65342
"Gadus morhua",2012,-61.50675,48.06292
"Gadus morhua",2012,-60.72392,47.36283
"Gadus morhua",2012,-63.44017,46.74284
"Gadus morhua",2012,-62.085,48.21075
"Gadus morhua",2014,-61.10517,47.70892
"Gadus morhua",2012,-61.55008,46.43317
"Gadus morhua",2012,-60.37742,47.41933
"Gadus morhua",2010,-64.06825,47.638
"Gadus morhua",2010,-63.82625,48.87575
"Gadus morhua",2012,-63.65917,46.979
"Gadus morhua",2012,-62.65217,47.01784
"Gadus morhua",2014,-61.32359,46.83634
"Gadus morhua",2010,-62.94342,47.31725
"Gadus morhua",2012,-63.76442,48.26942
"Gadus morhua",2014,-64.57634,47.44817
"Gadus morhua",2012,-64.17683,47.97025
"Gadus morhua",2012,-61.49067,46.65642
"Gadus morhua",2014,-61.67217,46.59
"Gadus morhua",2014,-61.313,46.99083
"Gadus morhua",2012,-60.56259,47.60933
"Gadus morhua",2012,-62.28792,46.98
"Gadus morhua",2014,-60.92683,47.93509
"Gadus morhua",2013,-62.64692,45.91625
"Gadus morhua",2010,-62.46734,47.81284
"Gadus morhua",2010,-62.511,46.8585
"Gadus morhua",2012,-63.48242,47.25384
"Gadus morhua",2012,-61.33659,47.33283
"Gadus morhua",2014,-61.78084,45.94692
"Gadus morhua",2014,-64.76159,47.155
"Gadus morhua",2013,-62.65,46.74533
"Gadus morhua",2014,-62.61909,47.68817
"Gadus morhua",2014,-63.66459,47.46984
"Gadus morhua",2012,-62.0995,46.10784
"Gadus morhua",2013,-63.95417,47.83092
"Gadus morhua",2010,-62.65459,47.00475
"Gadus morhua",2012,-61.589,45.73867
"Gadus morhua",2012,-62.49084,47.615
"Gadus morhua",2012,-60.86942,47.11192
"Gadus morhua",2011,-64.52533,47.66317
"Gadus morhua",2011,-62.12534,46.15525
"Gadus morhua",2011,-65.88825,47.94892
"Gadus morhua",2011,-62.12509,47.80517
"Gadus morhua",2014,-62.38733,46.82808
"Gadus morhua",2011,-64.25625,47.52208
"Gadus morhua",2011,-62.92325,47.02809
"Gadus morhua",2011,-61.02909,47.21717
"Gadus morhua",2014,-64.54542,47.68917
"Gadus morhua",2011,-63.20225,48.0125
"Gadus morhua",2014,-63.64159,46.77867
"Gadus morhua",2011,-62.208,48.284
"Gadus morhua",2010,-61.26992,46.44784
"Gadus morhua",2010,-63.87409,48.63817
"Gadus morhua",2010,-63.48433,47.85375
"Gadus morhua",2011,-63.623,46.76542
"Gadus morhua",2011,-63.2755,48.73217
"Gadus morhua",2011,-61.62192,47.98658
"Gadus morhua",2014,-63.15717,48.0645
"Gadus morhua",2013,-63.22984,46.75042
"Gadus morhua",2011,-63.34958,48.01184
"Gadus morhua",2011,-61.362,47.33575
"Gadus morhua",2012,-63.13358,47.99634
"Gadus morhua",2012,-63.4855,46.57117
"Gadus morhua",2014,-62.92625,47.69992
"Gadus morhua",2013,-61.957,47.89909
"Gadus morhua",2014,-62.59584,48.19042
"Gadus morhua",2011,-62.76642,47.96625
"Gadus morhua",2012,-64.44475,47.72184
"Gadus morhua",2013,-62.07684,47.45783
"Gadus morhua",2011,-63.52875,47.05809
"Gadus morhua",2011,-62.7025,46.93209
"Gadus morhua",2013,-61.28725,47.06217
"Gadus morhua",2013,-65.24517,47.93425
"Gadus morhua",2014,-62.026,46.66909
"Gadus morhua",2013,-61.74909,46.84983
"Gadus morhua",2010,-63.85809,47.9535
"Gadus morhua",2011,-64.03742,47.75859
"Gadus morhua",2010,-63.47025,47.48308
"Gadus morhua",2011,-62.09392,47.48459
"Gadus morhua",2014,-63.6085,47.891
"Gadus morhua",2013,-64.26717,47.0955
"Gadus morhua",2010,-61.42067,48.06292
"Gadus morhua",2011,-61.19309,47.29283
"Gadus morhua",2011,-63.77084,48.01025
"Gadus morhua",2013,-64.31567,47.96892
"Gadus morhua",2012,-61.36625,48.13708
"Gadus morhua",2012,-63.6575,48.05375
"Gadus morhua",2011,-61.18875,46.99009
"Gadus morhua",2011,-63.06942,48.16042
"Gadus morhua",2013,-63.78525,46.92192
"Gadus morhua",2014,-61.935,47.97792
"Gadus morhua",2011,-60.46075,47.25259
"Gadus morhua",2010,-62.76225,47.03792
"Gadus morhua",2010,-61.94275,47.55358
"Gadus morhua",2012,-61.37675,46.94858
"Gadus morhua",2012,-61.92492,46.94792
"Gadus morhua",2013,-62.9025,46.4725
"Gadus morhua",2013,-60.75667,47.22575
"Gadus morhua",2012,-61.73108,47.89342
"Gadus morhua",2012,-62.97608,47.895
"Gadus morhua",2011,-61.69484,45.782
"Gadus morhua",2011,-61.1135,47.74858
"Gadus morhua",2011,-62.38392,46.95375
"Gadus morhua",2013,-63.62075,46.76858
"Gadus morhua",2010,-63.10175,46.64142
"Gadus morhua",2010,-63.32484,48.42367
"Gadus morhua",2012,-62.76225,46.68534
"Gadus morhua",2012,-62.52617,46.51334
"Gadus morhua",2013,-64.09334,47.11958
"Gadus morhua",2010,-63.64883,48.81342
"Gadus morhua",2012,-63.95742,48.24933
"Gadus morhua",2012,-61.71467,47.01992
"Gadus morhua",2014,-62.06517,48.20325
"Gadus morhua",2013,-63.11575,46.95084
"Gadus morhua",2014,-62.25475,48.04225
"Gadus morhua",2012,-62.52867,48.27075
"Gadus morhua",2014,-62.37959,48.09042
"Gadus morhua",2011,-64.65158,47.51117
"Gadus morhua",2012,-62.9175,47.06675
"Gadus morhua",2012,-61.57625,46.122
"Gadus morhua",2012,-64.80825,48.06367
"Gadus morhua",2012,-61.54292,47.06517
"Gadus morhua",2010,-61.20175,47.45242
"Gadus morhua",2014,-62.04775,47.908
"Gadus morhua",2011,-62.96575,47.64175
"Gadus morhua",2011,-60.19934,47.33042
"Gadus morhua",2014,-60.3625,47.39175
"Gadus morhua",2014,-63.46,47.11192
"Gadus morhua",2014,-60.92842,47.40959
"Gadus morhua",2011,-64.47817,47.13359
"Gadus morhua",2014,-62.83075,48.15784
"Gadus morhua",2013,-61.8175,46.37884
"Gadus morhua",2012,-61.007,46.92425
"Gadus morhua",2013,-64.15159,48.26325
"Gadus morhua",2010,-61.89817,47.77575
"Gadus morhua",2010,-60.893,47.77167
"Gadus morhua",2012,-63.26825,47.81917
"Gadus morhua",2013,-60.80959,47.87859
"Gadus morhua",2012,-61.69892,45.81992
"Gadus morhua",2012,-61.53417,46.37442
"Gadus morhua",2011,-61.83492,46.79567
"Gadus morhua",2013,-61.67458,46.5595
"Gadus morhua",2010,-61.53917,46.90467
"Gadus morhua",2013,-63.8085,47.48583
"Gadus morhua",2012,-60.81925,47.60042
"Gadus morhua",2014,-64.108,47.81767
"Gadus morhua",2012,-62.72917,47.15067
"Gadus morhua",2011,-63.3975,46.88759
"Gadus morhua",2013,-63.67467,47.07517
"Gadus morhua",2012,-62.77492,47.22342
"Gadus morhua",2013,-62.25158,47.224
"Gadus morhua",2014,-61.69267,45.81067
"Gadus morhua",2011,-60.69184,47.27875
"Gadus morhua",2011,-61.27125,46.89842
"Gadus morhua",2010,-61.11833,47.02
"Gadus morhua",2013,-63.91225,47.61817
"Gadus morhua",2013,-62.42809,48.427
"Gadus morhua",2013,-62.48842,45.94633
"Gadus morhua",2014,-65.07442,47.93892
"Gadus morhua",2013,-62.17134,46.68533
"Gadus morhua",2011,-63.3715,48.61208
"Gadus morhua",2011,-61.98925,46.68484
"Gadus morhua",2013,-62.56742,48.352
"Gadus morhua",2010,-63.44883,46.62892
"Gadus morhua",2010,-61.63,46.05384
"Gadus morhua",2014,-65.88317,47.98225
"Gadus morhua",2014,-63.29992,48.381
"Gadus morhua",2013,-62.63142,48.10259
"Gadus morhua",2010,-64.38442,47.77375
"Gadus morhua",2013,-63.50725,48.65242
"Gadus morhua",2013,-62.64317,46.82034
"Gadus morhua",2013,-62.46959,47.09192
"Gadus morhua",2012,-61.61033,46.26325
"Gadus morhua",2012,-63.32775,48.01958
"Gadus morhua",2010,-65.47125,47.72925
"Gadus morhua",2010,-62.8435,48.399
"Gadus morhua",2010,-60.22434,47.30017
"Gadus morhua",2011,-63.93817,47.84175
"Gadus morhua",2011,-63.7575,48.02784
"Gadus morhua",2011,-63.40442,48.39442
"Gadus morhua",2013,-63.98159,48.01042
"Gadus morhua",2010,-62.86817,46.60975
"Gadus morhua",2010,-61.69267,46.56983
"Gadus morhua",2014,-63.23759,46.77642
"Gadus morhua",2014,-61.95458,46.64667
"Gadus morhua",2011,-60.53492,47.62309
"Gadus morhua",2011,-62.11317,47.93234
"Gadus morhua",2010,-65.10775,47.86058
"Gadus morhua",2012,-63.25558,47.03125
"Gadus morhua",2014,-63.45283,47.93608
"Gadus morhua",2014,-61.53792,47.08584
"Gadus morhua",2011,-63.09017,48.38292
"Gadus morhua",2010,-62.80134,46.72817
"Gadus morhua",2011,-64.51458,48.16642
"Gadus morhua",2013,-62.59292,47.06442
"Gadus morhua",2013,-64.43434,47.626
"Gadus morhua",2010,-60.58759,47.67517
"Gadus morhua",2012,-62.07825,48.01117
"Gadus morhua",2014,-62.1485,48.21267
"Gadus morhua",2014,-65.36983,47.80875
"Gadus morhua",2014,-60.99175,47.85859
"Gadus morhua",2013,-60.673,47.19275
"Gadus morhua",2013,-64.16742,48.14
"Gadus morhua",2010,-63.05825,47.76234
"Gadus morhua",2012,-63.832,47.44433
"Gadus morhua",2012,-64.03458,47.14734
"Gadus morhua",2010,-63.36192,46.06608
"Gadus morhua",2010,-63.58259,45.94
"Gadus morhua",2014,-62.58817,46.57017
"Gadus morhua",2012,-63.71833,48.2395
"Gadus morhua",2012,-63.97117,48.50492
"Gadus morhua",2012,-63.34909,48.281
"Gadus morhua",2012,-63.75392,47.0855
"Gadus morhua",2012,-60.90809,47.82592
"Gadus morhua",2013,-60.95084,46.89117
"Gadus morhua",2010,-63.94242,48.00625
"Gadus morhua",2014,-63.68892,48.05217
"Gadus morhua",2014,-64.5525,48.13917
"Gadus morhua",2011,-62.33534,46.58034
"Gadus morhua",2011,-63.223,45.86967
"Gadus morhua",2011,-61.88967,47.5865
"Gadus morhua",2011,-62.63467,48.296
"Gadus morhua",2010,-62.0405,46.103
"Gadus morhua",2010,-64.84325,47.98175
"Gadus morhua",2012,-65.431,47.89692
"Gadus morhua",2014,-64.33875,47.953
"Gadus morhua",2012,-60.56234,47.42183
"Gadus morhua",2012,-60.48934,47.40109
"Gadus morhua",2012,-60.80567,47.87467
"Gadus morhua",2010,-63.9385,48.33317
"Gadus morhua",2012,-64.8925,47.93234
"Gadus morhua",2014,-63.75225,47.00475
"Gadus morhua",2010,-61.502,47.04692
"Gadus morhua",2014,-63.6905,48.46075
"Gadus morhua",2012,-60.38717,47.10608
"Gadus morhua",2012,-62.47509,45.81409
"Gadus morhua",2012,-63.84817,47.11
"Gadus morhua",2014,-60.71025,47.18625
"Gadus morhua",2014,-60.563,47.61917
"Gadus morhua",2012,-63.2525,47.88942
"Gadus morhua",2014,-60.84375,46.99142
"Gadus morhua",2013,-63.7635,48.39659
"Gadus morhua",2013,-62.02667,46.86458
"Gadus morhua",2010,-61.41375,46.98584
"Gadus morhua",2010,-62.33292,47.63125
"Gadus morhua",2010,-62.09617,47.484
"Gadus morhua",2012,-64.61484,47.11125
"Gadus morhua",2012,-64.19225,47.80992
"Gadus morhua",2014,-63.95442,47.44
"Gadus morhua",2013,-63.67617,47.34175
"Gadus morhua",2010,-61.332,46.913
"Gadus morhua",2010,-63.16767,47.54242
"Gadus morhua",2012,-65.71333,47.93417
"Gadus morhua",2013,-61.8805,46.50825
"Gadus morhua",2012,-63.05109,48.327
"Gadus morhua",2012,-64.17184,47.076
"Gadus morhua",2011,-64.6435,48.1485
"Gadus morhua",2011,-63.57275,46.671
"Gadus morhua",2012,-63.12542,47.14933
"Gadus morhua",2012,-61.66633,46.614
"Gadus morhua",2010,-61.76317,46.7765
"Gadus morhua",2010,-62.19517,46.77642
"Gadus morhua",2012,-63.90659,47.06209
"Gadus morhua",2014,-63.50167,46.77142
"Gadus morhua",2010,-62.82067,47.31467
"Gadus morhua",2010,-62.67667,45.9005
"Gadus morhua",2014,-63.39925,47.35225
"Gadus morhua",2013,-64.588,47.47534
"Gadus morhua",2013,-63.2025,46.59333
"Gadus morhua",2010,-64.373,48.30708
"Gadus morhua",2010,-61.90392,46.31792
"Gadus morhua",2011,-61.25859,47.2885
"Gadus morhua",2011,-63.8705,46.89608
"Gadus morhua",2011,-62.7635,46.98692
"Gadus morhua",2010,-64.12033,47.09075
"Gadus morhua",2010,-62.49142,46.683
"Gadus morhua",2010,-65.134,47.983
"Gadus morhua",2010,-61.44842,46.69509
"Gadus morhua",2012,-64.40817,47.52475
"Gadus morhua",2012,-63.23667,47.587
"Gadus morhua",2011,-64.39009,47.71309
"Gadus morhua",2010,-60.36459,47.37942
"Gadus morhua",2010,-60.55859,47.217
"Gadus morhua",2010,-63.68784,46.82109
"Gadus morhua",2011,-63.81875,48.41683
"Gadus morhua",2013,-62.97142,48.4475
"Gadus morhua",2010,-63.49334,48.18417
"Gadus morhua",2010,-61.88209,47.9805
"Gadus morhua",2010,-63.20009,48.72308
"Gadus morhua",2012,-61.96725,47.60867
"Gadus morhua",2012,-61.62025,48.06983
"Gadus morhua",2014,-63.39725,47.3795
"Gadus morhua",2011,-64.26,48.30542
"Gadus morhua",2010,-60.37767,47.12025
"Gadus morhua",2011,-61.11617,47.38859
"Gadus morhua",2010,-63.72567,48.53884
"Gadus morhua",2010,-62.95792,48.29542
"Gadus morhua",2012,-63.05009,46.71967
"Gadus morhua",2014,-60.51633,47.47325
"Gadus morhua",2014,-63.21292,46.59475
"Gadus morhua",2010,-61.07309,47.27292
"Gadus morhua",2010,-63.26717,48.34025
"Gadus morhua",2010,-63.0715,47.11217
"Gadus morhua",2014,-63.65817,47.80458
"Gadus morhua",2013,-60.66958,47.14525
"Gadus morhua",2010,-64.10934,47.22667
"Gadus morhua",2011,-61.66759,45.97375
"Gadus morhua",2011,-60.97442,46.89067
"Gadus morhua",2014,-62.557,47.0725
"Gadus morhua",2013,-64.37242,47.4785
"Gadus morhua",2012,-62.45458,46.90292
"Gadus morhua",2010,-60.67884,47.53675
"Gadus morhua",2014,-65.29008,47.9565
"Gadus morhua",2013,-61.87284,46.69092
"Gadus morhua",2010,-64.29175,47.64475
"Gadus morhua",2010,-64.27417,47.91559
"Gadus morhua",2010,-63.19442,46.73667
"Gadus morhua",2013,-61.11158,46.976
"Gadus morhua",2010,-64.26592,47.04825
"Gadus morhua",2010,-62.57525,48.11125
"Gadus morhua",2010,-61.26067,46.64
"Gadus morhua",2012,-62.64383,48.19692
"Gadus morhua",2012,-61.93925,48.2755
"Gadus morhua",2012,-63.51917,46.936
"Gadus morhua",2012,-63.9565,47.44109
"Gadus morhua",2012,-63.23792,48.34258
"Gadus morhua",2012,-64.25409,48.215
"Gadus morhua",2010,-63.46884,47.18259
"Gadus morhua",2010,-61.901,45.99642
"Gadus morhua",2012,-61.14192,47.77484
"Gadus morhua",2012,-61.83359,47.69425
"Gadus morhua",2010,-60.89758,47.90983
"Gadus morhua",2014,-63.53542,47.53459
"Gadus morhua",2010,-63.4075,46.57259
"Gadus morhua",2013,-63.42217,47.91025
"Gadus morhua",2012,-60.76117,47.02758
"Gadus morhua",2013,-64.311,47.91592
"Gadus morhua",2011,-63.31942,47.02983
"Gadus morhua",2011,-64.18892,47.28675
"Gadus morhua",2011,-61.68833,46.641
"Gadus morhua",2011,-63.26784,48.39417
"Gadus morhua",2013,-63.26317,47.086
"Gadus morhua",2010,-63.58567,47.0415
"Gadus morhua",2011,-61.70283,46.88717
"Gadus morhua",2014,-63.7885,46.92425
"Gadus morhua",2013,-65.55275,47.81417
"Gadus morhua",2014,-64.09217,48.01325
"Gadus morhua",2014,-64.33842,46.97392
"Gadus morhua",2014,-61.47317,47.21592
"Gadus morhua",2014,-61.29784,47.103
"Gadus morhua",2014,-64.965,48.0705
"Gadus morhua",2014,-63.13892,47.70767
"Gadus morhua",2013,-63.7385,48.70292
"Gadus morhua",2013,-61.807,45.8625
"Gadus morhua",2010,-60.7145,47.32242
"Gadus morhua",2010,-61.71667,46.29217
"Gadus morhua",2014,-62.53217,46.7785
"Gadus morhua",2010,-64.46742,47.27425
"Gadus morhua",2013,-60.96567,47.95284
"Gadus morhua",2013,-61.10109,47.71284
"Gadus morhua",2013,-63.69042,48.03858
"Gadus morhua",2011,-65.27192,47.88617
"Gadus morhua",2013,-61.60542,47.06525
"Gadus morhua",2012,-63.32417,46.84717
"Gadus morhua",2012,-61.67075,46.89625
"Gadus morhua",2014,-63.27342,47.60517
"Gadus morhua",2011,-60.77417,47.10542
"Gadus morhua",2011,-61.2705,46.98684
"Gadus morhua",2011,-64.55642,46.83617
"Gadus morhua",2011,-64.55375,46.91917
"Gadus morhua",2013,-60.416,47.18609
"Gadus morhua",2012,-63.7075,48.86875
"Gadus morhua",2014,-63.76867,47.166
"Gadus morhua",2014,-64.1885,48.16392
"Gadus morhua",2014,-61.76183,46.9585
"Gadus morhua",2012,-62.76433,47.748
"Gadus morhua",2012,-61.41725,46.68709
"Gadus morhua",2014,-60.92292,47.31758
"Gadus morhua",2012,-61.69042,46.74567
"Gadus morhua",2012,-64.30675,47.63975
"Gadus morhua",2013,-61.71459,46.72542
"Gadus morhua",2013,-61.574,46.73075
"Gadus morhua",2012,-62.36975,46.65675
"Gadus morhua",2014,-62.73942,48.41725
"Gadus morhua",2014,-62.84975,48.31
"Gadus morhua",2014,-63.79742,48.94834
"Gadus morhua",2012,-64.346,47.00284
"Gadus morhua",2012,-62.16725,47.75959
"Gadus morhua",2012,-64.57409,47.19925
"Gadus morhua",2014,-62.60692,46.88992
"Gadus morhua",2013,-63.37717,48.09458
"Gadus morhua",2013,-63.30209,48.38283
"Gadus morhua",2013,-61.49959,46.32975
"Gadus morhua",2013,-61.65592,45.89617
"Gadus morhua",2013,-63.98667,48.4685
"Gadus morhua",2014,-63.2555,46.53367
"Gadus morhua",2014,-62.32584,46.664
"Gadus morhua",2014,-61.136,46.98025
"Gadus morhua",2011,-60.50717,47.09609
"Gadus morhua",2011,-61.53692,46.43834
"Gadus morhua",2013,-62.86767,46.82959
"Gadus morhua",2013,-60.83717,46.99133
"Gadus morhua",2012,-62.14909,48.21259
"Gadus morhua",2014,-63.98875,48.094
"Gadus morhua",2013,-62.48675,46.59175
"Gadus morhua",2012,-62.34017,47.42025
"Gadus morhua",2011,-62.90375,48.17042
"Gadus morhua",2011,-62.52967,48.04417
"Gadus morhua",2013,-64.61233,48.19042
"Gadus morhua",2013,-61.69184,45.77975
"Gadus morhua",2012,-63.89975,47.80283
"Gadus morhua",2014,-61.03967,47.50334
"Gadus morhua",2013,-64.5375,47.24117
"Gadus morhua",2012,-62.09217,46.85333
"Gadus morhua",2012,-61.57775,47.24367
"Gadus morhua",2012,-62.10575,46.02008
"Gadus morhua",2012,-63.77225,47.55342
"Gadus morhua",2012,-61.82708,46.84359
"Gadus morhua",2014,-63.88775,47.62459
"Gadus morhua",2012,-62.66284,45.94184
"Gadus morhua",2012,-61.57484,46.75642
"Gadus morhua",2010,-63.75608,47.10933
"Gadus morhua",2014,-60.95042,46.9085
"Gadus morhua",2014,-63.37983,48.795
"Gadus morhua",2013,-64.97158,48.0085
"Gadus morhua",2014,-62.46559,47.05534
"Gadus morhua",2010,-65.51284,47.8835
"Gadus morhua",2011,-62.36959,46.7025
"Gadus morhua",2010,-64.22134,48.15992
"Gadus morhua",2010,-64.21759,47.13034
"Gadus morhua",2011,-64.068,47.15742
"Gadus morhua",2011,-63.74859,47.34675
"Gadus morhua",2010,-61.42225,47.35875
"Gadus morhua",2011,-61.75792,46.94167
"Gadus morhua",2014,-62.06275,46.57017
"Gadus morhua",2011,-63.19075,47.22517
"Gadus morhua",2013,-63.66025,46.65225
"Gadus morhua",2011,-63.32934,47.708
"Gadus morhua",2011,-62.07309,47.01809
"Gadus morhua",2013,-61.9945,46.18259
"Gadus morhua",2014,-63.3,48.4775
"Gadus morhua",2010,-62.82292,46.88025
"Gadus morhua",2014,-61.33425,47.966
"Gadus morhua",2010,-63.41325,46.92742
"Gadus morhua",2010,-61.616,48.14842
"Gadus morhua",2012,-62.47075,48.04892
"Gadus morhua",2012,-62.9775,46.49167
"Gadus morhua",2012,-63.3685,48.50925
"Gadus morhua",2012,-61.0935,47.23434
"Gadus morhua",2012,-65.14792,47.861
"Gadus morhua",2010,-60.792,47.644
"Gadus morhua",2010,-63.76692,47.44059
"Gadus morhua",2013,-63.62042,48.49917
"Gadus morhua",2010,-60.89042,47.10325
"Gadus morhua",2013,-60.33109,47.33367
"Gadus morhua",2013,-60.65434,47.40975
"Gadus morhua",2010,-62.44975,47.46992
"Gadus morhua",2010,-64.4135,46.90684
"Gadus morhua",2010,-64.5805,47.18467
"Gadus morhua",2010,-61.78408,46.93392
"Gadus morhua",2010,-63.55208,48.60942
"Gadus morhua",2013,-64.46117,48.27117
"Gadus morhua",2013,-61.76009,46.10175
"Gadus morhua",2011,-61.52808,46.67392
"Gadus morhua",2011,-61.71909,46.29275
"Gadus morhua",2014,-64.06509,47.29392
"Gadus morhua",2011,-60.34725,47.40525
"Gadus morhua",2014,-64.0065,47.94875
"Gadus morhua",2013,-63.79,48.8985
"Gadus morhua",2014,-63.37025,48.51159
"Gadus morhua",2011,-64.429,46.93742
"Gadus morhua",2012,-61.685,47.67617
"Gadus morhua",2012,-62.923,48.07342
"Gadus morhua",2012,-61.9025,46.72067
"Gadus morhua",2012,-64.1995,47.32475
"Gadus morhua",2014,-63.93209,48.7845
"Gadus morhua",2014,-64.08392,48.42684
"Gadus morhua",2012,-63.85167,47.85717
"Gadus morhua",2013,-61.53975,48.1345
"Gadus morhua",2013,-62.911,48.07034
"Gadus morhua",2013,-61.88042,46.25942
"Gadus morhua",2014,-61.85459,46.28492
"Gadus morhua",2014,-62.10342,46.30425
"Gadus morhua",2013,-65.572,47.90992
"Gadus morhua",2012,-61.32725,47.96367
"Gadus morhua",2011,-65.65525,47.92434
"Gadus morhua",2013,-64.2635,47.71284
"Gadus morhua",2011,-64.14159,48.28458
"Gadus morhua",2011,-62.4165,47.43725
"Gadus morhua",2011,-62.00158,47.11009
"Gadus morhua",2013,-63.10592,48.54542
"Gadus morhua",2013,-64.35467,47.00217
"Gadus morhua",2010,-64.0725,48.36634
"Gadus morhua",2010,-63.06775,47.94409
"Gadus morhua",2013,-61.41334,46.54084
"Gadus morhua",2010,-64.64067,47.47858
"Gadus morhua",2010,-60.57259,47.40667
"Gadus morhua",2010,-62.6645,47.97884
"Gadus morhua",2010,-59.2177,49.9937
"Gadus morhua",2010,-57.4833,50.5493
"Gadus morhua",2010,-57.6383,50.9955
"Gadus morhua",2010,-59.3995,49.8642
"Gadus morhua",2011,-67.4493,48.9062
"Gadus morhua",2011,-61.2993,50.0455
"Gadus morhua",2011,-61.9032,49.4875
"Gadus morhua",2011,-62.7913,48.9712
"Gadus morhua",2012,-62.2593,48.3977
"Gadus morhua",2012,-59.379,49.93
"Gadus morhua",2012,-59.3642,49.9852
"Gadus morhua",2010,-68.387,48.9378
"Gadus morhua",2010,-69.0757,48.346
"Gadus morhua",2012,-62.7598,48.4232
"Gadus morhua",2011,-62.0393,49.79
"Gadus morhua",2010,-68.8187,48.5115
"Gadus morhua",2010,-67.5773,48.9003
"Gadus morhua",2012,-62.8548,48.5337
"Gadus morhua",2011,-64.647,49.3662
"Gadus morhua",2012,-59.017,49.8065
"Gadus morhua",2012,-59.5287,49.0428
"Gadus morhua",2011,-62.1657,49.8612
"Gadus morhua",2011,-62.3655,49.8395
"Gadus morhua",2011,-62.5555,50.0828
"Gadus morhua",2010,-68.4517,48.6653
"Gadus morhua",2012,-59.0725,49.1238
"Gadus morhua",2012,-58.9375,49.0907
"Gadus morhua",2012,-58.8138,49.1055
"Gadus morhua",2010,-59.2005,49.2405
"Gadus morhua",2011,-62.9473,50.0998
"Gadus morhua",2011,-63.1823,50.0978
"Gadus morhua",2012,-63.2853,48.7235
"Gadus morhua",2012,-64.1387,48.9445
"Gadus morhua",2010,-58.7115,49.2502
"Gadus morhua",2011,-62.936,49.0465
"Gadus morhua",2011,-63.3037,48.8085
"Gadus morhua",2012,-58.0182,50.0877
"Gadus morhua",2012,-58.2293,49.5508
"Gadus morhua",2012,-62.5207,48.8912
"Gadus morhua",2012,-64.1767,49.0162
"Gadus morhua",2010,-58.5798,49.2043
"Gadus morhua",2010,-59.3423,49.027
"Gadus morhua",2011,-63.6462,49.9203
"Gadus morhua",2011,-64.3082,49.9985
"Gadus morhua",2011,-61.3232,48.8347
"Gadus morhua",2011,-61.0208,48.7973
"Gadus morhua",2012,-61.3217,48.8425
"Gadus morhua",2012,-58.3773,49.6075
"Gadus morhua",2011,-64.3512,50.0213
"Gadus morhua",2011,-64.7985,50.0523
"Gadus morhua",2010,-68.825,48.7703
"Gadus morhua",2012,-58.5973,49.6048
"Gadus morhua",2012,-58.7835,49.5048
"Gadus morhua",2010,-59.744,48.949
"Gadus morhua",2011,-65.4312,50.179
"Gadus morhua",2010,-68.2295,48.6763
"Gadus morhua",2012,-61.4347,48.152
"Gadus morhua",2012,-59.0525,49.5527
"Gadus morhua",2010,-59.5533,48.9118
"Gadus morhua",2011,-66.6212,49.5743
"Gadus morhua",2010,-67.788,48.8218
"Gadus morhua",2010,-66.9578,49.665
"Gadus morhua",2010,-59.4533,48.8295
"Gadus morhua",2010,-59.6062,48.775
"Gadus morhua",2010,-67.0272,49.5115
"Gadus morhua",2011,-62.9938,48.7497
"Gadus morhua",2011,-65.4253,49.9805
"Gadus morhua",2011,-65.294,49.9583
"Gadus morhua",2012,-59.7903,49.2305
"Gadus morhua",2010,-59.6212,48.7035
"Gadus morhua",2011,-62.762,49.0897
"Gadus morhua",2011,-67.8595,49.1957
"Gadus morhua",2011,-56.2457,51.6853
"Gadus morhua",2012,-61.7282,48.4898
"Gadus morhua",2012,-60.2263,49.7878
"Gadus morhua",2011,-61.313,48.9068
"Gadus morhua",2011,-61.0655,49.0307
"Gadus morhua",2011,-67.9097,49.2012
"Gadus morhua",2011,-56.4542,51.609
"Gadus morhua",2010,-66.7057,49.5962
"Gadus morhua",2012,-60.1745,49.819
"Gadus morhua",2012,-60.1233,49.8938
"Gadus morhua",2011,-60.975,49.3347
"Gadus morhua",2011,-61.1607,49.4728
"Gadus morhua",2010,-59.3238,49.2152
"Gadus morhua",2010,-57.4517,50.8675
"Gadus morhua",2010,-60.2912,49.555
"Gadus morhua",2010,-60.4232,49.5912
"Gadus morhua",2010,-60.1288,49.7017
"Gadus morhua",2010,-60.0802,49.7347
"Gadus morhua",2010,-59.521,49.9475
"Gadus morhua",2010,-58.665,50.3595
"Gadus morhua",2010,-58.5632,50.022
"Gadus morhua",2010,-58.7827,49.7282
"Gadus morhua",2010,-58.1403,49.744
"Gadus morhua",2010,-58.42,49.5912
"Gadus morhua",2010,-58.5853,49.4155
"Gadus morhua",2010,-58.7132,49.3733
"Gadus morhua",2010,-59.2515,49.4535
"Gadus morhua",2010,-63.88,49.4033
"Gadus morhua",2010,-60.1512,49.905
"Gadus morhua",2010,-60.1255,49.8805
"Gadus morhua",2010,-60.3015,49.8027
"Gadus morhua",2012,-58.8847,49.911
"Gadus morhua",2013,-59.2322,50.007
"Gadus morhua",2013,-57.537,50.5233
"Gadus morhua",2013,-58.7427,50.0372
"Gadus morhua",2012,-66.6287,49.8437
"Gadus morhua",2012,-66.9487,49.6485
"Gadus morhua",2013,-61.7833,48.8012
"Gadus morhua",2013,-63.0528,49.1327
"Gadus morhua",2013,-59.0973,48.1462
"Gadus morhua",2013,-59.3713,48.1057
"Gadus morhua",2013,-65.0518,49.7405
"Gadus morhua",2013,-66.735,49.164
"Gadus morhua",2013,-67.2402,49.0175
"Gadus morhua",2013,-68.0628,49.177
"Gadus morhua",2013,-67.7957,49.204
"Gadus morhua",2013,-66.2783,50.0003
"Gadus morhua",2013,-65.2738,50.1037
"Gadus morhua",2013,-63.6952,49.162
"Gadus morhua",2013,-59.5158,48.841
"Gadus morhua",2011,-60.271,49.1142
"Gadus morhua",2011,-59.9077,49.1123
"Gadus morhua",2010,-63.84,49.5233
"Gadus morhua",2010,-64.675,49.8517
"Gadus morhua",2011,-60.2322,49.8077
"Gadus morhua",2011,-60.0828,49.7323
"Gadus morhua",2011,-60.0477,49.7047
"Gadus morhua",2010,-61.1532,49.844
"Gadus morhua",2011,-59.4422,48.2952
"Gadus morhua",2011,-59.4903,48.2672
"Gadus morhua",2011,-59.3875,48.3083
"Gadus morhua",2012,-58.4128,50.3732
"Gadus morhua",2013,-57.4807,50.4995
"Gadus morhua",2013,-57.6027,50.3887
"Gadus morhua",2013,-59.3187,49.7315
"Gadus morhua",2012,-62.9635,50.1622
"Gadus morhua",2013,-61.8987,48.899
"Gadus morhua",2013,-62.1127,48.9563
"Gadus morhua",2013,-59.6533,48.6698
"Gadus morhua",2013,-59.5578,48.6347
"Gadus morhua",2013,-59.6877,48.0227
"Gadus morhua",2010,-64.7222,49.8015
"Gadus morhua",2010,-61.0863,49.0945
"Gadus morhua",2011,-59.0775,48.4658
"Gadus morhua",2011,-58.9998,48.2868
"Gadus morhua",2012,-58.4078,50.464
"Gadus morhua",2013,-58.6847,49.355
"Gadus morhua",2013,-59.2283,49.5915
"Gadus morhua",2013,-59.3998,49.4738
"Gadus morhua",2012,-62.87,50.2148
"Gadus morhua",2012,-62.7023,50.0307
"Gadus morhua",2012,-67.2118,48.9972
"Gadus morhua",2013,-63.5297,48.7967
"Gadus morhua",2013,-63.2605,48.791
"Gadus morhua",2013,-59.3245,48.4613
"Gadus morhua",2013,-59.3673,48.3338
"Gadus morhua",2011,-59.63,49.4958
"Gadus morhua",2011,-59.9147,49.229
"Gadus morhua",2011,-60.1102,49.3853
"Gadus morhua",2010,-65.2195,49.9633
"Gadus morhua",2010,-61.1068,49.0087
"Gadus morhua",2010,-61.1577,48.9285
"Gadus morhua",2011,-59.2617,48.2803
"Gadus morhua",2012,-58.3027,50.4878
"Gadus morhua",2012,-59.6717,48.649
"Gadus morhua",2013,-58.2255,49.5598
"Gadus morhua",2013,-58.516,49.6987
"Gadus morhua",2013,-58.1253,49.8872
"Gadus morhua",2012,-65.6437,50.2017
"Gadus morhua",2012,-66.6445,49.9695
"Gadus morhua",2012,-62.803,49.7312
"Gadus morhua",2012,-66.296,49.2572
"Gadus morhua",2012,-65.7072,49.3165
"Gadus morhua",2013,-58.9777,48.3528
"Gadus morhua",2013,-59.0843,48.2097
"Gadus morhua",2013,-60.6865,47.8238
"Gadus morhua",2013,-63.5948,49.1855
"Gadus morhua",2013,-63.532,49.3072
"Gadus morhua",2011,-56.5703,51.4802
"Gadus morhua",2011,-57.1608,51.1047
"Gadus morhua",2010,-65.9212,49.8963
"Gadus morhua",2010,-65.3433,50.2122
"Gadus morhua",2011,-57.643,50.3477
"Gadus morhua",2010,-62.0408,48.8922
"Gadus morhua",2010,-62.205,48.9517
"Gadus morhua",2012,-59.5153,48.6105
"Gadus morhua",2012,-60.6875,47.8227
"Gadus morhua",2013,-57.9177,50.109
"Gadus morhua",2012,-67.0905,49.55
"Gadus morhua",2012,-63.1345,49.8597
"Gadus morhua",2012,-64.7953,49.226
"Gadus morhua",2013,-59.4078,47.6513
"Gadus morhua",2013,-60.937,48.0268
"Gadus morhua",2013,-63.773,49.4172
"Gadus morhua",2013,-65.3008,49.9192
"Gadus morhua",2011,-57.2705,51.0417
"Gadus morhua",2010,-67.9355,49.2188
"Gadus morhua",2010,-64.5727,50.162
"Gadus morhua",2011,-58.645,50.0973
"Gadus morhua",2011,-57.925,49.9603
"Gadus morhua",2012,-59.4465,48.6243
"Gadus morhua",2012,-59.259,48.6193
"Gadus morhua",2012,-59.414,48.5733
"Gadus morhua",2012,-60.618,47.8402
"Gadus morhua",2012,-66.9543,49.3417
"Gadus morhua",2012,-63.3308,49.866
"Gadus morhua",2012,-63.4767,49.9675
"Gadus morhua",2013,-61.851,49.818
"Gadus morhua",2013,-63.8202,49.5558
"Gadus morhua",2013,-65.4117,49.8165
"Gadus morhua",2010,-68.0487,49.1673
"Gadus morhua",2010,-64.2338,49.9955
"Gadus morhua",2010,-64.1143,49.989
"Gadus morhua",2011,-58.0332,49.8457
"Gadus morhua",2011,-58.0498,49.8005
"Gadus morhua",2011,-58.2853,49.6013
"Gadus morhua",2010,-62.373,48.6
"Gadus morhua",2012,-58.9558,48.3535
"Gadus morhua",2012,-62.7405,49.032
"Gadus morhua",2012,-63.7515,49.9487
"Gadus morhua",2013,-61.6283,49.5683
"Gadus morhua",2013,-64.1677,49.6693
"Gadus morhua",2013,-64.3758,49.7355
"Gadus morhua",2013,-64.995,49.75
"Gadus morhua",2013,-66.04,49.2917
"Gadus morhua",2013,-67.2765,48.9753
"Gadus morhua",2010,-67.9487,49.0728
"Gadus morhua",2010,-68.2418,49.0262
"Gadus morhua",2010,-63.9918,50.0583
"Gadus morhua",2010,-63.5577,50.0942
"Gadus morhua",2012,-59.3683,48.154
"Gadus morhua",2012,-59.3123,48.1242
"Gadus morhua",2013,-63.7717,48.8933
"Gadus morhua",2013,-61.9313,48.2698
"Gadus morhua",2012,-64.517,50.0757
"Gadus morhua",2013,-61.4632,49.447
"Gadus morhua",2013,-67.5338,48.8867
"Gadus morhua",2013,-68.49,48.5923
"Gadus morhua",2010,-68.2712,49.03
"Gadus morhua",2011,-58.9608,49.847
"Gadus morhua",2011,-59.3883,49.8713
"Gadus morhua",2012,-57.3222,51.0588
"Gadus morhua",2013,-62.378,48.9438
"Gadus morhua",2012,-64.4197,49.7573
"Gadus morhua",2012,-64.7257,49.925
"Gadus morhua",2012,-64.6173,49.9578
"Gadus morhua",2012,-65.5117,50.1785
"Gadus morhua",2013,-61.5723,49.5203
"Gadus morhua",2013,-66.1498,49.2832
"Gadus morhua",2013,-68.8063,48.6912
"Gadus morhua",2010,-64.2955,50.009
"Gadus morhua",2010,-63.6253,49.9228
"Gadus morhua",2010,-62.8375,48.4368
"Gadus morhua",2011,-60.8792,47.9525
"Gadus morhua",2012,-57.3097,51.0488
"Gadus morhua",2012,-57.1227,51.0965
"Gadus morhua",2012,-56.419,51.6227
"Gadus morhua",2012,-65.0288,49.9183
"Gadus morhua",2012,-65.3582,50.0745
"Gadus morhua",2012,-67.712,49.2853
"Gadus morhua",2012,-69.0948,48.3153
"Gadus morhua",2013,-61.2475,50.0683
"Gadus morhua",2013,-61.2117,49.8917
"Gadus morhua",2013,-68.2775,48.6983
"Gadus morhua",2013,-68.6082,48.6168
"Gadus morhua",2010,-63.1745,49.8167
"Gadus morhua",2011,-58.4145,50.4642
"Gadus morhua",2011,-58.7168,49.373
"Gadus morhua",2013,-60.3763,48.8715
"Gadus morhua",2013,-62.437,48.3645
"Gadus morhua",2013,-58.6955,50.253
"Gadus morhua",2012,-65.6333,50.0798
"Gadus morhua",2012,-63.4837,49.2348
"Gadus morhua",2012,-68.6787,48.5433
"Gadus morhua",2012,-67.989,49.2617
"Gadus morhua",2012,-68.3013,48.9843
"Gadus morhua",2013,-68.6763,48.5472
"Gadus morhua",2013,-68.9957,48.4153
"Gadus morhua",2013,-68.7978,48.754
"Gadus morhua",2013,-68.6792,48.8468
"Gadus morhua",2011,-57.3598,50.7822
"Gadus morhua",2010,-62.5325,49.879
"Gadus morhua",2011,-58.7378,49.2683
"Gadus morhua",2011,-59.8238,48.9775
"Gadus morhua",2013,-58.346,50.5063
"Gadus morhua",2013,-58.1247,50.5698
"Gadus morhua",2012,-68.387,48.6538
"Gadus morhua",2013,-68.2533,48.9667
"Gadus morhua",2013,-67.1338,49.452
"Gadus morhua",2013,-66.7945,49.8765
"Gadus morhua",2013,-66.8013,49.9102
"Gadus morhua",2013,-63.675,50.0817
"Gadus morhua",2011,-57.4262,50.7995
"Gadus morhua",2011,-57.5553,50.7883
"Gadus morhua",2010,-61.8162,49.525
"Gadus morhua",2011,-59.6067,48.9308
"Gadus morhua",2012,-58.8952,48.9588
"Gadus morhua",2012,-59.6445,48.3315
"Gadus morhua",2013,-60.1517,49.1688
"Gadus morhua",2013,-57.1115,51.1673
"Gadus morhua",2012,-68.2842,48.6578
"Gadus morhua",2013,-62.6423,50.165
"Gadus morhua",2013,-62.6897,50.0907
"Gadus morhua",2013,-62.6683,49.9107
"Gadus morhua",2011,-58.1348,50.5673
"Gadus morhua",2010,-61.5117,50.0633
"Gadus morhua",2011,-59.278,48.9365
"Gadus morhua",2011,-58.8923,48.9678
"Gadus morhua",2011,-58.9992,48.8397
"Gadus morhua",2012,-59.453,48.8187
"Gadus morhua",2013,-60.2145,49.7773
"Gadus morhua",2013,-59.5838,49.8578
"Gadus morhua",2013,-58.0767,50.1347
"Gadus morhua",2012,-63.8305,49.4568
"Gadus morhua",2012,-64.0642,49.5998
"Gadus morhua",2012,-64.1903,49.6213
"Gadus morhua",2012,-68.5708,48.888
"Gadus morhua",2013,-61.7903,49.8493
"Gadus morhua",2013,-62.4892,48.8763
"Gadus morhua",2013,-62.58,48.9558
"Gadus morhua",2010,-63.63,49.3
"Gadus morhua",2011,-57.8397,50.4847
"Gadus morhua",2011,-60.2155,49.6183
"Gadus morhua",2010,-61.1527,50.0615
"Gadus morhua",2011,-59.2573,48.673
"Gadus morhua",2011,-60.0957,48.6538
"Gadus morhua",2012,-59.5188,48.84
"Gadus morhua",2012,-59.7197,48.7398
"Gadus morhua",2013,-59.482,49.9365
"Gadus morhua",2013,-58.06,50.3088
"Gadus morhua",2013,-61.3025,49.2802
"Gadus morhua",2013,-61.3387,49.3087
"Gadus morhua",2012,-57.674,50.7307
"Gadus morhua",2011,-68.2128,48.7152
"Gadus morhua",2011,-61.1472,48.128
"Gadus morhua",2010,-60.1538,49.3043
"Gadus morhua",2012,-60.4747,48.8347
"Gadus morhua",2010,-60.2713,49.394
"Gadus morhua",2010,-57.2138,51.023
"Gadus morhua",2011,-61.4553,48.1542
"Gadus morhua",2011,-65.3447,49.8322
"Gadus morhua",2010,-57.938,50.6817
"Gadus morhua",2011,-64.6557,49.7485
"Gadus morhua",2011,-61.968,48.3483
"Gadus morhua",2012,-60.3132,49.0213
"Gadus morhua",2011,-64.4853,49.7572
"Gadus morhua",2011,-64.5728,49.7303
"Gadus morhua",2010,-57.564,50.4623
"Gadus morhua",2011,-62.9102,48.4693
"Gadus morhua",2012,-60.1203,49.4343
"Gadus morhua",2011,-64.5257,49.6253
"Gadus morhua",2012,-60.0983,49.519
"Gadus morhua",2012,-60.1795,49.552
"Gadus morhua",2010,-62.454,48.7055
"Gadus morhua",2012,-58.0665,50.6777
"Gadus morhua",2011,-64.0267,49.5227
"Gadus morhua",2011,-63.8572,49.5778
"Gadus morhua",2011,-68.0503,49.1655
"Gadus morhua",2011,-63.448,49.192
"Gadus morhua",2012,-55.8568,51.8832
"Gadus morhua",2012,-56.0615,51.7562
"Gadus morhua",2011,-68.2995,48.9975
"Gadus morhua",2012,-56.1382,51.7367
"Gadus morhua",2012,-57.374,50.7995
"Gadus morhua",2011,-69.0843,48.366
"Gadus morhua",2011,-69.0758,48.3455
"Gadus morhua",2010,-61.0883,48.8237
"Gadus morhua",2012,-57.51,50.575
"Gadus morhua",2011,-68.8052,48.5318
"Gadus morhua",2010,-60.6833,48.7167
"Gadus morhua",2012,-57.6417,50.3807
"Gadus morhua",2012,-57.9695,50.5625
"Gadus morhua",2010,-59.24325,46.112
"Gadus morhua",2010,-58.72342,45.60859
"Gadus morhua",2010,-58.71225,46.03225
"Gadus morhua",2010,-60.04884,46.97434
"Gadus morhua",2010,-59.76383,46.29167
"Gadus morhua",2010,-59.98459,46.86192
"Gadus morhua",2010,-59.62067,46.50209
"Gadus morhua",2010,-60.2205,46.90967
"Gadus morhua",2010,-58.517,46.02909
"Gadus morhua",2010,-58.84892,46.16125
"Gadus morhua",2013,-59.96225,46.659
"Gadus morhua",2013,-59.32775,46.37434
"Gadus morhua",2013,-59.063,45.89734
"Gadus morhua",2013,-60.21067,46.87608
"Gadus morhua",2013,-60.01392,45.6075
"Gadus morhua",2013,-59.089,45.66175
"Gadus morhua",2013,-59.72033,46.46234
"Gadus morhua",2014,-59.85475,46.83325
"Gadus morhua",2013,-60.13733,46.64934
"Gadus morhua",2013,-59.11475,46.06084
"Gadus morhua",2013,-59.51042,46.5945
"Gadus morhua",2014,-59.60608,46.27892
"Gadus morhua",2011,-59.87117,45.56542
"Gadus morhua",2011,-58.78684,45.75217
"Gadus morhua",2011,-59.08517,45.76667
"Gadus morhua",2015,-59.50967,46.23175
"Gadus morhua",2015,-60.12909,46.6875
"Gadus morhua",2015,-58.8085,46.10983
"Gadus morhua",2015,-59.286,46.43958
"Gadus morhua",2012,-58.63642,45.55484
"Gadus morhua",2014,-59.38833,46.02583
"Gadus morhua",2014,-59.26525,46.03642
"Gadus morhua",2015,-60.35458,46.93434
"Gadus morhua",2015,-60.04759,46.77192
"Gadus morhua",2011,-58.77559,46.03984
"Gadus morhua",2011,-59.24484,46.31342
"Gadus morhua",2010,-58.67984,45.846
"Gadus morhua",2011,-59.71559,46.59784
"Gadus morhua",2011,-58.58892,45.70025
"Gadus morhua",2012,-58.93509,46.31559
"Gadus morhua",2011,-59.23333,46.17384
"Gadus morhua",2012,-59.21267,46.35292
"Gadus morhua",2015,-59.68809,46.5145
"Gadus morhua",2015,-59.37559,46.475
"Gadus morhua",2011,-58.66758,45.60559
"Gadus morhua",2011,-60.02542,46.3365
"Gadus morhua",2015,-59.15809,46.0195
"Gadus morhua",2012,-59.30267,46.339
"Gadus morhua",2012,-59.76,46.43634
"Gadus morhua",2012,-59.8475,46.558
"Gadus morhua",2011,-60.1735,46.42525
"Gadus morhua",2013,-59.15492,46.48075
"Gadus morhua",2014,-59.86109,46.72784
"Gadus morhua",2014,-59.696,46.62925
"Gadus morhua",2015,-60.25392,47.07925
"Gadus morhua",2012,-58.83809,46.14125
"Gadus morhua",2011,-58.34367,45.85217
"Gadus morhua",2015,-59.1295,45.81142
"Gadus morhua",2012,-59.94867,45.6315
"Gadus morhua",2012,-60.03009,46.97375
"Gadus morhua",2011,-60.01934,46.64084
"Gadus morhua",2011,-60.14084,46.85775
"Gadus morhua",2014,-58.64059,46.11967
"Gadus morhua",2014,-58.79142,46.04717
"Gadus morhua",2012,-58.03417,45.75025
"Gadus morhua",2012,-59.28883,46.07367
"Gadus morhua",2012,-59.04425,46.14567
"Gadus morhua",2011,-59.72042,45.67459
"Gadus morhua",2011,-59.66833,45.82775
"Gadus morhua",2010,-60.10375,46.73325
"Gadus morhua",2014,-58.72067,45.88492
"Gadus morhua",2011,-59.96175,46.8865
"Gadus morhua",2013,-58.96259,46.19425
"Gadus morhua",2015,-59.62459,46.16233
"Gadus morhua",2015,-58.29692,45.80242
"Gadus morhua",2015,-59.66759,45.731
"Gadus morhua",2015,-59.25009,45.69725
"Gadus morhua",2012,-58.58525,45.85692
"Gadus morhua",2012,-60.28125,46.48067
"Gadus morhua",2011,-59.02609,46.2745
"Gadus morhua",2013,-60.12825,46.90009
"Gadus morhua",2014,-58.79242,45.92767
"Gadus morhua",2011,-59.71617,46.24092
"Gadus morhua",2012,-60.32042,47.02884
"Gadus morhua",2010,-58.42933,45.9775
"Gadus morhua",2015,-59.92992,46.43125
"Gadus morhua",2014,-58.52659,45.78458
"Gadus morhua",2014,-58.5365,45.6945
"Gadus morhua",2011,-60.11475,46.73409
"Gadus morhua",2013,-59.87625,46.34075
"Gadus morhua",2014,-59.0205,46.04209
"Gadus morhua",2014,-59.22717,45.67559
"Gadus morhua",2014,-59.44075,46.53292
"Gadus morhua",2013,-59.06375,46.2905
"Gadus morhua",2013,-60.13658,47.03075
"Gadus morhua",2013,-58.88917,45.80534
"Gadus morhua",2013,-58.68475,45.78967
"Gadus morhua",2014,-60.20692,46.73717
"Gadus morhua",2014,-59.28267,46.27167
"Gadus morhua",2010,-64.43,48.85
"Gadus morhua",2010,-68.52,48.46
"Gadus morhua",2011,-55.81,46.43
"Gadus morhua",2011,-56.04,46.36
"Gadus morhua",2011,-56.49,46.74
"Gadus morhua",2011,-56.5,46.73
"Gadus morhua",2011,-55.95,46.69
"Gadus morhua",2011,-56.14,46.97
"Gadus morhua",2011,-56.14,47.14
"Gadus morhua",2011,-56.21,47.25
"Gadus morhua",2011,-56.54,47.45
"Gadus morhua",2011,-56.64,47.36
"Gadus morhua",2011,-57.03,47.23
"Gadus morhua",2011,-57.18,47.54
"Gadus morhua",2011,-57.16,47.29
"Gadus morhua",2011,-57.16,47.23
"Gadus morhua",2011,-57.38,47.23
"Gadus morhua",2011,-57.66,47.08
"Gadus morhua",2011,-57.71,47.15
"Gadus morhua",2011,-57.95,47
"Gadus morhua",2011,-58.01,47.09
"Gadus morhua",2011,-58.15,47.09
"Gadus morhua",2011,-58.1,47.25
"Gadus morhua",2011,-57.88,47.28
"Gadus morhua",2011,-57.94,47.41
"Gadus morhua",2011,-57.98,47.41
"Gadus morhua",2011,-58.13,47.5
"Gadus morhua",2011,-58.2,47.4
"Gadus morhua",2011,-58.51,47.35
"Gadus morhua",2011,-58.7,47.18
"Gadus morhua",2011,-58.78,47.31
"Gadus morhua",2011,-59.01,47.5
"Gadus morhua",2011,-59.24,47.52
"Gadus morhua",2011,-59.41,47.39
"Gadus morhua",2011,-59.11,47.37
"Gadus morhua",2011,-58.54,47
"Gadus morhua",2011,-57.84,46.82
"Gadus morhua",2011,-57.3,46.82
"Gadus morhua",2011,-57.23,46.78
"Gadus morhua",2011,-57.22,47.02
"Gadus morhua",2011,-57.05,46.97
"Gadus morhua",2011,-57.08,47.04
"Gadus morhua",2011,-56.91,47.06
"Gadus morhua",2011,-56.46,47.13
"Gadus morhua",2011,-56.25,46
"Gadus morhua",2011,-56.37,46.03
"Gadus morhua",2011,-56.54,46.05
"Gadus morhua",2011,-56.8,46.01
"Gadus morhua",2011,-56.75,46.36
"Gadus morhua",2011,-56.9,46.32
"Gadus morhua",2011,-57.02,46.52
"Gadus morhua",2011,-56.85,46.65
"Gadus morhua",2011,-56.85,46.78
"Gadus morhua",2011,-57.09,46.73
"Gadus morhua",2011,-57.18,46.7
"Gadus morhua",2011,-57.5,46.61
"Gadus morhua",2011,-57.84,46.55
"Gadus morhua",2011,-58.39,46.79
"Gadus morhua",2011,-57.47,45.94
"Gadus morhua",2011,-57.37,46.16
"Gadus morhua",2011,-57.3,46.33
"Gadus morhua",2011,-57.19,46.49
"Gadus morhua",2011,-57.19,46.31
"Gadus morhua",2011,-57.22,46.28
"Gadus morhua",2011,-57.19,46.04
"Gadus morhua",2011,-56.84,45.74
"Gadus morhua",2011,-57.38,45.64
"Gadus morhua",2011,-56.46,45.87
"Gadus morhua",2011,-56.48,45.58
"Gadus morhua",2011,-55.99,45.85
"Gadus morhua",2011,-56.08,45.74
"Gadus morhua",2011,-56.32,45.78
"Gadus morhua",2011,-55.76,46.01
"Gadus morhua",2011,-55.76,45.98
"Gadus morhua",2010,-55.79,46.53
"Gadus morhua",2010,-55.99,46.47
"Gadus morhua",2010,-56.07,46.95
"Gadus morhua",2010,-56.07,47.16
"Gadus morhua",2010,-55.9,47.16
"Gadus morhua",2010,-55.74,47.27
"Gadus morhua",2010,-55.76,47.33
"Gadus morhua",2010,-56.08,47.38
"Gadus morhua",2010,-56.51,47.24
"Gadus morhua",2010,-56.32,47.21
"Gadus morhua",2010,-56.61,47.1
"Gadus morhua",2010,-56.79,47.05
"Gadus morhua",2010,-56.97,47
"Gadus morhua",2010,-56.82,46.94
"Gadus morhua",2010,-56.75,46.66
"Gadus morhua",2010,-56.72,46.84
"Gadus morhua",2010,-55.98,46.75
"Gadus morhua",2010,-55.96,46.7
"Gadus morhua",2010,-56.31,46.15
"Gadus morhua",2010,-56.28,45.63
"Gadus morhua",2010,-56.32,45.56
"Gadus morhua",2010,-56.66,45.53
"Gadus morhua",2010,-56.59,45.6
"Gadus morhua",2010,-56.82,45.75
"Gadus morhua",2010,-56.99,45.89
"Gadus morhua",2010,-56.55,45.99
"Gadus morhua",2010,-56.46,46.06
"Gadus morhua",2010,-56.71,46.08
"Gadus morhua",2010,-56.79,46.14
"Gadus morhua",2010,-56.78,46.19
"Gadus morhua",2010,-57.06,46.18
"Gadus morhua",2010,-57.4,46.34
"Gadus morhua",2010,-57.36,46.36
"Gadus morhua",2010,-57.53,46.6
"Gadus morhua",2010,-57.47,46.62
"Gadus morhua",2010,-57.38,46.68
"Gadus morhua",2010,-57.19,46.7
"Gadus morhua",2010,-57.07,46.8
"Gadus morhua",2010,-56.96,47.09
"Gadus morhua",2010,-56.91,47.12
"Gadus morhua",2010,-56.82,47.16
"Gadus morhua",2010,-56.81,47.3
"Gadus morhua",2010,-56.74,47.42
"Gadus morhua",2010,-56.6,47.48
"Gadus morhua",2010,-57.48,47.57
"Gadus morhua",2010,-57.85,47.48
"Gadus morhua",2010,-58.11,47.51
"Gadus morhua",2010,-57.4,46.89
"Gadus morhua",2010,-57.37,47.15
"Gadus morhua",2010,-57.41,47.25
"Gadus morhua",2010,-57.77,47.16
"Gadus morhua",2010,-57.83,47.3
"Gadus morhua",2010,-57.9,47.14
"Gadus morhua",2010,-57.93,47.01
"Gadus morhua",2010,-57.83,46.93
"Gadus morhua",2010,-57.78,46.81
"Gadus morhua",2010,-57.75,46.76
"Gadus morhua",2010,-58.06,46.87
"Gadus morhua",2010,-58.29,47.04
"Gadus morhua",2010,-58.15,47.04
"Gadus morhua",2010,-58.1,47.12
"Gadus morhua",2010,-58.21,47.13
"Gadus morhua",2010,-58.36,47.24
"Gadus morhua",2010,-58.68,47.27
"Gadus morhua",2010,-58.59,47.37
"Gadus morhua",2010,-58.58,47.51
"Gadus morhua",2010,-58.76,47.42
"Gadus morhua",2010,-59,47.42
"Gadus morhua",2010,-59.21,47.5
"Gadus morhua",2010,-59.46,47.47
"Gadus morhua",2010,-59.37,47.37
"Gadus morhua",2010,-58.99,47.33
"Gadus morhua",2010,-59.05,47.08
"Gadus morhua",2010,-58.51,46.98
"Gadus morhua",2010,-58.09,46.28
"Gadus morhua",2010,-57.93,46.26
"Gadus morhua",2010,-57.52,46.22
"Gadus morhua",2010,-56.96,45.76
"Gadus morhua",2010,-55.9,45.68
"Gadus morhua",2010,-56.11,45.6
"Gadus morhua",2010,-56.09,45.82
"Gadus morhua",2010,-55.91,45.97
"Gadus morhua",2010,-55.9,46.14
"Gadus morhua",2010,-56.1,46.33
"Gadus morhua",2010,-56.06,46.39
"Gadus morhua",2010,-55.78,46.28
"Gadus morhua",2010,-56.49,50.06
